{"cameraMode":{"drawMode":0,"name":"Shaded","section":"Shading Mode"},"sceneLighting":true,"audioPlay":false,"sceneViewState":{"m_AlwaysRefresh":true,"showFog":true,"showSkybox":true,"showFlares":true,"showImageEffects":true,"showParticleSystems":true,"showVisualEffectGraphs":true,"m_FxEnabled":true},"in2DMode":false,"pivot":{"x":5.867110252380371,"y":24.196075439453126,"z":21.69659996032715},"rotation":{"x":0.3445098400115967,"y":-0.07253396511077881,"z":0.026720305904746057,"w":0.9356213808059692},"size":95.41551971435547,"orthographic":false}