{"cameraMode":{"drawMode":0,"name":"Shaded","section":"Shading Mode"},"sceneLighting":true,"audioPlay":false,"sceneViewState":{"showFog":true,"showMaterialUpdate":true,"showSkybox":true,"showFlares":true,"showImageEffects":true,"showParticleSystems":true},"in2DMode":false,"pivot":{"x":302.4629211425781,"y":-56.8857421875,"z":43.88958740234375},"rotation":{"x":0.4444279372692108,"y":-0.1825726479291916,"z":0.0930505320429802,"w":0.8720893859863281},"size":202.77059936523438,"orthographic":false}